-- phpMyAdmin SQL Dump
-- version 5.1.0
-- https://www.phpmyadmin.net/
--
-- Host: 127.0.0.1
-- Generation Time: Jul 06, 2021 at 11:31 AM
-- Server version: 10.4.18-MariaDB
-- PHP Version: 7.4.18

SET SQL_MODE = "NO_AUTO_VALUE_ON_ZERO";
START TRANSACTION;
SET time_zone = "+00:00";


/*!40101 SET @OLD_CHARACTER_SET_CLIENT=@@CHARACTER_SET_CLIENT */;
/*!40101 SET @OLD_CHARACTER_SET_RESULTS=@@CHARACTER_SET_RESULTS */;
/*!40101 SET @OLD_COLLATION_CONNECTION=@@COLLATION_CONNECTION */;
/*!40101 SET NAMES utf8mb4 */;

--
-- Database: `thonambook2`
--

--
-- Dumping data for table `books`
--

INSERT INTO `books` (`id`, `book_code`, `book_title`, `author`, `book_publisher`, `language`, `book_type`, `book_price`, `quantity_in_stock`, `book_image`, `book_details_image`, `book_decription`, `short_description`) VALUES
(1, 'ENG001', 'Tiếng Anh GenZ', 'English Not Boring', 'NXB Hà Nội', 'Tiếng Anh', 'english', 81000, 50, 'img/Tieng Anh/Tieng Anh 1.jpg', 'img/Tieng Anh/img-detail/Tieng Anh 1 - 1.jpg;img/Tieng Anh/img-detail/Tieng Anh 1 - 2.jpg;img/Tieng Anh/img-detail/Tieng Anh 1 - 3.jpg', '<p style=\"text-align: justify;\">Tiếng Anh GenZ</p>\n<p style=\"text-align: justify;\"><strong>Giới thiệu tác giả:</strong></p>\n<p style=\"text-align: justify;\"><em>English</em><em> not boring</em> là một kênh instagram về tiếng anh nổi tiếng bởi sự hài hước và vui nhộn trong cách truyền tải content.</p>\n<p style=\"text-align: justify;\">Sở hữu gần<strong>500</strong><strong>,000 lượt theo dõi</strong>, những bài viết mang thương hiệu của <em>English not boring</em> đã trở nên quen thuộc với hàng chục ngàn chia sẻ trên các trang mạng xã hội.</p>\n<p style=\"text-align: justify;\"><strong>Giới thiệu sách:</strong></p>\n<p style=\"text-align: justify;\">Thả thính crush bằng tiếng Anh như thế nào cho ngầu?</p>\n<p style=\"text-align: justify;\">Vừa muốn tán gẫu với bạn bè vừa muốn học tiếng anh thì phải làm sao?</p>\n<p style=\"text-align: justify;\">Vận dụng tiếng Anh ra sao trong khi gọi đồ ăn cho đúng chuẩn?</p>\n<p style=\"text-align: justify;\">“Gần em như&nbsp; gần chiếc áo XXXL, bởi anh thấy max cỡ.”</p>\n<p style=\"text-align: justify;\">“Bạn chê tôi gầy, tôi lặng think.”</p>\n<p style=\"text-align: justify;\">“Mỳ tome hight trứng.”</p>\n<p style=\"text-align: justify;\">Giống như một cuốn từ điển mini nhưng \nkhông mang nặng tính hàn lâm học thuật hay một tài liệu tham khảo to \ntát, “Tiếng Anh GenZ” sẽ mang đến cho bạn những cách giải nghĩa thú vị, \nnhững ẩn ý tiếng Anh hay ho và những funfact vui nhộn không đụng hàng ở \nbất cứ đâu…</p>\n<p style=\"text-align: justify;\">Với “Tiếng Anh GenZ”, các bạn chắc chắn sẽ bất ngờ với những cách sử dụng từ sáng tạo, thông minh và vô cùng hài hước.</p>\n<p style=\"text-align: justify;\">“Tiếng Anh GenZ” - cuốn sách nhỏ bé giúp\n hành trình chinh phục tiếng Anh của bạn trở nên nhẹ nhàng, thoải mái \nhơn và nhận ra tiếng Anh hoá ra không “khó nhằn” đến thế.</p>\n<p style=\"text-align: justify;\">Vậy thì, bạn đã sẵn sàng học tiếng Anh cùng <em>English</em><em> not boring</em> chưa?</p>', 'English not boring là một kênh instagram về tiếng anh nổi tiếng bởi sự hài hước và vui nhộn trong cách truyền tải content. Sở hữu gần500,000 lượt theo dõi, những bài viết mang thương hiệu của English not boring đã trở nên quen thuộc với hàng chục ngàn chia sẻ trên các trang mạng xã hội.'),
(2, 'ENG002', 'Zero to One : Notes on Start Ups, or How to Build the Future', 'Peter Thiel,Blake Masters', 'NXB Hà Nội', 'Tiếng Anh', 'english', 71500, 20, 'img/Tieng Anh/Tieng Anh 2.jpg', 'img/Tieng Anh/img-detail/Tieng Anh 2 - 1.jpg;img/Tieng Anh/img-detail/Tieng Anh 2 - 2.jpg;img/Tieng Anh/img-detail/Tieng Anh 2 - 3.jpg', '<p style=\"text-align: justify;\">What valuable company is nobody \nbuilding? The next Bill Gates will not build an operating system. The \nnext Larry Page or Sergey Brin won\'t make a search engine. If you are \ncopying these guys, you aren\'t learning from them. It\'s easier to copy a\n model than to make something new: doing what we already know how to do \ntakes the world from 1 to n, adding more of something familiar. Every \nnew creation goes from 0 to 1.</p>\n<p style=\"text-align: justify;\">This book is about how to get there. \n\"Peter Thiel has built multiple breakthrough companies, and Zero to One \nshows how\". (Elon Musk, CEO of SpaceX and Tesla). \"This book delivers \ncompletely new and refreshing ideas on how to create value in the \nworld\". (Mark Zuckerberg, CEO of Facebook). \"When a risk taker writes a \nbook, read it. In the case of Peter Thiel, read it twice. Or, to be \nsafe, three times. This is a classic\". (Nassim Nicholas Taleb, author of\n The Black Swan).</p>', 'What valuable company is nobody building? The next Bill Gates will not build an operating system. The next Larry Page or Sergey Brin won\'t make a search engine. If you are copying these guys, you aren\'t learning from them...'),
(3, 'ENG003', 'Digital Darwinism: Survival of the Fittest in the Age of Business Disruption', 'Tom Goodwin', 'NXB Tổng Hợp TPHCM', 'Tiếng Anh', 'english', 277000, 30, 'img/Tieng Anh/Tieng Anh 3.jpg', 'img/Tieng Anh/img-detail/Tieng Anh 3 - 1.jpg;img/Tieng Anh/img-detail/Tieng Anh 3 - 2.jpg;img/Tieng Anh/img-detail/Tieng Anh 3 - 3.jpg', '\r\n<p>Digital Darwinism: Survival of the Fittest in the Age of Business Disruption</p>\r\n\r\n<p>Digital Darwinism takes a closer look at disruptive thinking to inspire those who want to be the best at digital transformation. Change across business is accelerating, but the lifespan of companies is decreasing as leaders face a growing abundance of decisions to make, data to process and technology that threatens even the most established business models.<span id=\"dots\">...</span><span class=\"more\"> These forces could destroy your company or, with the right strategy in place, help you transform it into a market leader. Digital Darwinism lends a guiding hand through the turbulence, offering practical strategies while sounding a call to action that lights a fire underneath complacency to inspire creative change.</p>\r\n\r\n<p>Digital Darwinism shines a light on the future by exploring technology, society and lessons from the past so you can understand how to adapt, what to embrace and what to ignore. Tom Goodwin proves that assumptions the business world has previously made about \"digital\" are wrong: incremental change isn\'t good enough, adding technology at the edges won\'t work and digital isn\'t a thing - it\'s everything. If you want your organization to succeed in the post-digital age, you need to be enlightened by Digital Darwinism.</p></span>\r\n', '<p>Digital Darwinism: Survival of the Fittest in the Age of Business Disruption</p>\r\n\r\n<p>Digital Darwinism takes a closer look at disruptive thinking to inspire those who want to be the best at digital transformation....'),
(4, 'ENG004', 'Essential Words For The IELTS 3rd Edition', 'Dr Lin Lougheed', 'NXB Tổng Hợp TPHCM', 'Tiếng Anh', 'english', 208000, 23, 'img/Tieng Anh/Tieng Anh 4.jpg', 'img/Tieng Anh/img-detail/Tieng Anh 4 - 1.jpg;img/Tieng Anh/img-detail/Tieng Anh 4 - 2.jpg;img/Tieng Anh/img-detail/Tieng Anh 4 - 3.jpg', '<p>Digital Darwinism: Survival of the Fittest in the Age of Business Disruption</p>\r\n\r\n<p>Digital Darwinism takes a closer look at disruptive thinking to inspire those who want to be the best at digital transformation. Change across business is accelerating, but the lifespan of companies is decreasing as leaders face a growing abundance of decisions to make, data to process and technology that threatens even the most established business models.<span id=\"dots\">...</span><span class=\"more\"> These forces could destroy your company or, with the right strategy in place, help you transform it into a market leader. Digital Darwinism lends a guiding hand through the turbulence, offering practical strategies while sounding a call to action that lights a fire underneath complacency to inspire creative change.</p>\r\n\r\n<p>Digital Darwinism shines a light on the future by exploring technology, society and lessons from the past so you can understand how to adapt, what to embrace and what to ignore. Tom Goodwin proves that assumptions the business world has previously made about \"digital\" are wrong: incremental change isn\'t good enough, adding technology at the edges won\'t work and digital isn\'t a thing - it\'s everything. If you want your organization to succeed in the post-digital age, you need to be enlightened by Digital Darwinism.</p></span>', 'Extensive practice in vocabulary building and correct English usage, with emphasis on 600 words that appear frequently on the IELTS.'),
(5, 'ENG005', 'A Practical English Grammar - Tự Học Văn Phạm Tiếng Anh', 'Le Ton Hien', 'NXB Hồng Đức', 'Tiếng Anh', 'english', 78000, 45, 'img/Tieng Anh/Tieng Anh 5.jpg', 'img/Tieng Anh/img-detail/Tieng Anh 5 - 1.jpg;img/Tieng Anh/img-detail/Tieng Anh 5 - 2.jpg;img/Tieng Anh/img-detail/Tieng Anh 5 - 3.jpg', '<p>Digital Darwinism: Survival of the Fittest in the Age of Business Disruption</p>\r\n\r\n<p>Digital Darwinism takes a closer look at disruptive thinking to inspire those who want to be the best at digital transformation. Change across business is accelerating, but the lifespan of companies is decreasing as leaders face a growing abundance of decisions to make, data to process and technology that threatens even the most established business models.<span id=\"dots\">...</span><span class=\"more\"> These forces could destroy your company or, with the right strategy in place, help you transform it into a market leader. Digital Darwinism lends a guiding hand through the turbulence, offering practical strategies while sounding a call to action that lights a fire underneath complacency to inspire creative change.</p>\r\n\r\n<p>Digital Darwinism shines a light on the future by exploring technology, society and lessons from the past so you can understand how to adapt, what to embrace and what to ignore. Tom Goodwin proves that assumptions the business world has previously made about \"digital\" are wrong: incremental change isn\'t good enough, adding technology at the edges won\'t work and digital isn\'t a thing - it\'s everything. If you want your organization to succeed in the post-digital age, you need to be enlightened by Digital Darwinism.</p></span>\r\n', 'Cuốn sách Tự học văn phạm Anh - A practical english grammar for Vietnamese learners sẽ giúp bạn đọc tập nói, tập viết tiếng Anh, cần phải học những gì căn bản về Grammar?'),
(6, 'ENG006', 'Mindmap English Grammar - Ngữ Pháp Tiếng Anh Bằng Sơ Đồ Tư Duy', 'Đỗ Nhung', 'NXB Hồng Đức', 'Tiếng Việt', 'english', 190000, 30, 'img/Tieng Anh/Tieng Anh 6.jpg', 'img/Tieng Anh/img-detail/Tieng Anh 6 - 1.jpg;img/Tieng Anh/img-detail/Tieng Anh 6 - 2.jpg;img/Tieng Anh/img-detail/Tieng Anh 6 - 3.jpg', '\r\n<p>Trước đây, khi tiếng Anh chưa là ngôn ngữ quốc tế trong môi trường toàn cầu hóa, xu hướng việc giảng dạy và học tập tiếng Anh tại Việt Nam thiên về hai kỹ năng ĐỌC HIỂU và VIẾT. Hệ quả là trong các thế hệ trước, nhiều người đọc hiểu và viết tiếng Anh thông thạo không kém người bản xứ được học hành tử tế; ngược lại, gặp khó khăn khi giao tiếp nghe-nói bằng tiếng Anh.<span id=\"dots\">...</span><span id=\"more\"></p>\r\n\r\n<p>Từ thập niên 90 thế kỷ trước đây, giao tiếp ngôn ngữ bao gồm bốn kỹ năng cơ bản: NGHE – NÓI - ĐỌC - VIẾT. Do vậy khi nói đến tiếng Anh giao tiếp có nghĩa là cần phải giao tiếp được cả bốn kỹ năng trên. Phương pháp giao tiếp dựa trên sự phát triển kỹ năng ngôn ngữ của trẻ em: giai đoạn đầu tập trung vào phát triển NGHE - NÓI; giai đoạn phát triển tập trung ĐỌC VIẾT. Nói như vậy không có nghĩa là khi dạy kỹ năng nghe nói thì không có yêu cầu phát triển kỹ năng đọc viết và ngược lại. Đối với môi trường giao lưu ngôn ngữ và kinh tế toàn cầu và phát triển khoa học ngày nay, kỹ năng dịch thuật và phiên dịch cũng nằm trong giao tiếp ngôn ngữ bậc cao trong môi trường toàn cầu hóa. Vai trò của ngữ pháp trong phát triển ngôn ngữ luôn là nền tảng để học và phát triển một ngôn ngữ. Để phát triển một ngôn ngữ, dù đó là ngoại ngữ như tiếng Anh, nền tảng của ngôn ngữ là ngữ pháp, từ vựng và phát âm. Do vậy, vai trò ngữ pháp là để phát triển ngôn ngữ đúng và đủ để phát triển kỹ năng giao tiếp; ngữ pháp không chỉ để hiểu về ngôn ngữ mà để sử dụng đúng ngôn ngữ (not knowing about the language, but knowing the language). Điều này cho thấy học ngữ pháp tiếng Anh ở Việt Nam là đúng vì tiếng Anh là EFL (ngoại ngữ), không phải ESL (ngôn ngữ thứ hai), tuy nhiên sự yếu kém trong việc học và dạy ngữ pháp là để làm bài tập, sau đó là bài thi mà không dùng ngữ pháp trong các hoạt động ngôn ngữ (activities) và thực hành ngôn ngữ (tasks). Nhằm góp phần hỗ trợ học ngữ pháp, MIND MAP ENGLISH GRAMMAR là công cụ để hiểu biết tiếng Anh dưới hình thức tóm lược theo tư duy logic. Do vậy người học cần sử dụng hiểu biết về ngữ pháp và quan trọng hơn là ứng dụng vào nhiều hoạt động thực hành để phát huy các chủ đề ngữ pháp trong cuốn sách.</p>\r\n\r\n<p>Ngữ Pháp Tiếng Anh Bằng Sơ Đồ Tư Duy có những đặc điểm sau đây:</p>\r\n\r\n <p>- Giảng viên có thể hướng dẫn cho người học các chủ đề và chủ điểm ngữ pháp theo tư duy logic qua các sơ đồ tư duy tóm tắt dễ nhớ và dễ hiểu.</p>\r\n\r\n<p>- Người học dễ dàng tự học và tham khảo trước khi làm các bài tập ngữ pháp hoặc sử dụng tiếng Anh.</p>\r\n\r\n<p> - Hệ thống bài học được trình bày dạng \"mind map\" cách tân từ thấp lên cao nên người học yêu thích ngữ pháp tiếng Anh hơn.</p>\r\n\r\n<p>- Sau khi học, hiểu, nắm vững các chủ đề, chủ điểm ngữ pháp, người học có thể tự vẽ lấy \"mind map\" của riêng mình.</span></p>', 'Trước đây, khi tiếng Anh chưa là ngôn ngữ quốc tế trong môi trường toàn cầu hóa, xu hướng việc giảng dạy và học tập tiếng Anh tại Việt Nam thiên về hai kỹ năng ĐỌC HIỂU và VIẾT. Hệ quả là trong các thế hệ trước, nhiều người đọc hiểu và viết tiếng Anh thông thạo không kém người bản xứ được học hành tử tế; ngược lại, gặp khó khăn khi giao tiếp nghe-nói bằng tiếng Anh.'),
(7, 'ENG007', 'Cẩm Nang Cấu Trúc Tiếng Anh', 'Đỗ Nhung', 'NXB Tổng Hợp TPHCM', 'Tiếng Việt', 'english', 45000, 30, 'img/Tieng Anh/Tieng Anh 7.jpg', 'img/Tieng Anh/img-detail/Tieng Anh 7 - 1.jpg;img/Tieng Anh/img-detail/Tieng Anh 7 - 2.jpg;img/Tieng Anh/img-detail/Tieng Anh 7 - 3.jpg', '<p>Digital Darwinism: Survival of the Fittest in the Age of Business Disruption</p>\r\n\r\n<p>Digital Darwinism takes a closer look at disruptive thinking to inspire those who want to be the best at digital transformation. Change across business is accelerating, but the lifespan of companies is decreasing as leaders face a growing abundance of decisions to make, data to process and technology that threatens even the most established business models.<span id=\"dots\">...</span><span class=\"more\"> These forces could destroy your company or, with the right strategy in place, help you transform it into a market leader. Digital Darwinism lends a guiding hand through the turbulence, offering practical strategies while sounding a call to action that lights a fire underneath complacency to inspire creative change.</p>\r\n\r\n<p>Digital Darwinism shines a light on the future by exploring technology, society and lessons from the past so you can understand how to adapt, what to embrace and what to ignore. Tom Goodwin proves that assumptions the business world has previously made about \"digital\" are wrong: incremental change isn\'t good enough, adding technology at the edges won\'t work and digital isn\'t a thing - it\'s everything. If you want your organization to succeed in the post-digital age, you need to be enlightened by Digital Darwinism.</p></span>\r\n', 'Trước đây, khi tiếng Anh chưa là ngôn ngữ quốc tế trong môi trường toàn cầu hóa, xu hướng việc giảng dạy và học tập tiếng Anh tại Việt Nam thiên về hai kỹ năng ĐỌC HIỂU và VIẾT. Hệ quả là trong các thế hệ trước, nhiều người đọc hiểu và viết tiếng Anh thông thạo không kém người bản xứ được học hành tử tế; ngược lại, gặp khó khăn khi giao tiếp nghe-nói bằng tiếng Anh.'),
(8, 'ENG008', '25 Chuyên đề ngữ pháp tiếng anh', 'Trang Anh', 'NXB Hồng Đức', 'Tiếng Việt', 'english', 70000, 30, 'img/Tieng Anh/Tieng Anh 8.jpg', 'img/Tieng Anh/img-detail/Tieng Anh 8 - 1.jpg;img/Tieng Anh/img-detail/Tieng Anh 8 - 2.jpg;img/Tieng Anh/img-detail/Tieng Anh 8 - 3.jpg', '<p>Digital Darwinism: Survival of the Fittest in the Age of Business Disruption</p>\r\n\r\n<p>Digital Darwinism takes a closer look at disruptive thinking to inspire those who want to be the best at digital transformation. Change across business is accelerating, but the lifespan of companies is decreasing as leaders face a growing abundance of decisions to make, data to process and technology that threatens even the most established business models.<span id=\"dots\">...</span><span class=\"more\"> These forces could destroy your company or, with the right strategy in place, help you transform it into a market leader. Digital Darwinism lends a guiding hand through the turbulence, offering practical strategies while sounding a call to action that lights a fire underneath complacency to inspire creative change.</p>\r\n\r\n<p>Digital Darwinism shines a light on the future by exploring technology, society and lessons from the past so you can understand how to adapt, what to embrace and what to ignore. Tom Goodwin proves that assumptions the business world has previously made about \"digital\" are wrong: incremental change isn\'t good enough, adding technology at the edges won\'t work and digital isn\'t a thing - it\'s everything. If you want your organization to succeed in the post-digital age, you need to be enlightened by Digital Darwinism.</p></span>\r\n', 'Trước đây, khi tiếng Anh chưa là ngôn ngữ quốc tế trong môi trường toàn cầu hóa, xu hướng việc giảng dạy và học tập tiếng Anh tại Việt Nam thiên về hai kỹ năng ĐỌC HIỂU và VIẾT. Hệ quả là trong các thế hệ trước, nhiều người đọc hiểu và viết tiếng Anh thông thạo không kém người bản xứ được học hành tử tế; ngược lại, gặp khó khăn khi giao tiếp nghe-nói bằng tiếng Anh.'),
(9, 'ENG009', 'IELTS Academic 13', 'Cambrige', 'NXB Cambrige', 'Tiếng Anh', 'english', 120000, 10, 'img/Tieng Anh/Tieng Anh 9.jpg', 'img/Tieng Anh/img-detail/Tieng Anh 9 - 1.jpg;img/Tieng Anh/img-detail/Tieng Anh 9 - 2.jpg;img/Tieng Anh/img-detail/Tieng Anh 9 - 3.jpg', '<p>Digital Darwinism: Survival of the Fittest in the Age of Business Disruption</p>\r\n\r\n<p>Digital Darwinism takes a closer look at disruptive thinking to inspire those who want to be the best at digital transformation. Change across business is accelerating, but the lifespan of companies is decreasing as leaders face a growing abundance of decisions to make, data to process and technology that threatens even the most established business models.<span id=\"dots\">...</span><span class=\"more\"> These forces could destroy your company or, with the right strategy in place, help you transform it into a market leader. Digital Darwinism lends a guiding hand through the turbulence, offering practical strategies while sounding a call to action that lights a fire underneath complacency to inspire creative change.</p>\r\n\r\n<p>Digital Darwinism shines a light on the future by exploring technology, society and lessons from the past so you can understand how to adapt, what to embrace and what to ignore. Tom Goodwin proves that assumptions the business world has previously made about \"digital\" are wrong: incremental change isn\'t good enough, adding technology at the edges won\'t work and digital isn\'t a thing - it\'s everything. If you want your organization to succeed in the post-digital age, you need to be enlightened by Digital Darwinism.</p></span>\r\n', 'Trước đây, khi tiếng Anh chưa là ngôn ngữ quốc tế trong môi trường toàn cầu hóa, xu hướng việc giảng dạy và học tập tiếng Anh tại Việt Nam thiên về hai kỹ năng ĐỌC HIỂU và VIẾT. Hệ quả là trong các thế hệ trước, nhiều người đọc hiểu và viết tiếng Anh thông thạo không kém người bản xứ được học hành tử tế; ngược lại, gặp khó khăn khi giao tiếp nghe-nói bằng tiếng Anh.'),
(10, 'ENG010', 'IELTS Academic 14', 'Cambrige', 'NXB Cambrige', 'Tiếng Anh', 'english', 120000, 22, 'img/Tieng Anh/Tieng Anh 11.jpg', 'img/Tieng Anh/img-detail/Tieng Anh 10 - 1.jpg;img/Tieng Anh/img-detail/Tieng Anh 10 - 2.jpg;img/Tieng Anh/img-detail/Tieng Anh 10 - 3.jpg', '<p>Digital Darwinism: Survival of the Fittest in the Age of Business Disruption</p>\r\n\r\n<p>Digital Darwinism takes a closer look at disruptive thinking to inspire those who want to be the best at digital transformation. Change across business is accelerating, but the lifespan of companies is decreasing as leaders face a growing abundance of decisions to make, data to process and technology that threatens even the most established business models.<span id=\"dots\">...</span><span class=\"more\"> These forces could destroy your company or, with the right strategy in place, help you transform it into a market leader. Digital Darwinism lends a guiding hand through the turbulence, offering practical strategies while sounding a call to action that lights a fire underneath complacency to inspire creative change.</p>\r\n\r\n<p>Digital Darwinism shines a light on the future by exploring technology, society and lessons from the past so you can understand how to adapt, what to embrace and what to ignore. Tom Goodwin proves that assumptions the business world has previously made about \"digital\" are wrong: incremental change isn\'t good enough, adding technology at the edges won\'t work and digital isn\'t a thing - it\'s everything. If you want your organization to succeed in the post-digital age, you need to be enlightened by Digital Darwinism.</p></span>\r\n', 'Trước đây, khi tiếng Anh chưa là ngôn ngữ quốc tế trong môi trường toàn cầu hóa, xu hướng việc giảng dạy và học tập tiếng Anh tại Việt Nam thiên về hai kỹ năng ĐỌC HIỂU và VIẾT. Hệ quả là trong các thế hệ trước, nhiều người đọc hiểu và viết tiếng Anh thông thạo không kém người bản xứ được học hành tử tế; ngược lại, gặp khó khăn khi giao tiếp nghe-nói bằng tiếng Anh.'),
(11, 'ENG011', 'Hacker IELTS Speaking', 'Hackers', 'NXB Cambrige', 'Tiếng Anh', 'english', 100000, 20, 'img/Tieng Anh/Tieng Anh 10.jpg', 'img/Tieng Anh/img-detail/Tieng Anh 11 - 1.jpg;img/Tieng Anh/img-detail/Tieng Anh 11 - 2.jpg;img/Tieng Anh/img-detail/Tieng Anh 11 - 3.jpg', '<p>Digital Darwinism: Survival of the Fittest in the Age of Business Disruption</p>\r\n\r\n<p>Digital Darwinism takes a closer look at disruptive thinking to inspire those who want to be the best at digital transformation. Change across business is accelerating, but the lifespan of companies is decreasing as leaders face a growing abundance of decisions to make, data to process and technology that threatens even the most established business models.<span id=\"dots\">...</span><span class=\"more\"> These forces could destroy your company or, with the right strategy in place, help you transform it into a market leader. Digital Darwinism lends a guiding hand through the turbulence, offering practical strategies while sounding a call to action that lights a fire underneath complacency to inspire creative change.</p>\r\n\r\n<p>Digital Darwinism shines a light on the future by exploring technology, society and lessons from the past so you can understand how to adapt, what to embrace and what to ignore. Tom Goodwin proves that assumptions the business world has previously made about \"digital\" are wrong: incremental change isn\'t good enough, adding technology at the edges won\'t work and digital isn\'t a thing - it\'s everything. If you want your organization to succeed in the post-digital age, you need to be enlightened by Digital Darwinism.</p></span>\r\n', 'Trước đây, khi tiếng Anh chưa là ngôn ngữ quốc tế trong môi trường toàn cầu hóa, xu hướng việc giảng dạy và học tập tiếng Anh tại Việt Nam thiên về hai kỹ năng ĐỌC HIỂU và VIẾT. Hệ quả là trong các thế hệ trước, nhiều người đọc hiểu và viết tiếng Anh thông thạo không kém người bản xứ được học hành tử tế; ngược lại, gặp khó khăn khi giao tiếp nghe-nói bằng tiếng Anh.'),
(12, 'CHN001', 'Giáo trình Hán Ngữ Boya Sơ Cấp', 'Lý Hiểu Kỳ', 'NXB Hồng Đức', 'Tiếng Hoa', 'chinese', 120000, 40, 'img/Tieng Hoa/Tieng Hoa 1.jpg', 'img/Tieng Hoa/img-detail/Tieng Hoa 1 - 1.jpg;img/Tieng Hoa/img-detail/Tieng Hoa 1 - 2.jpg;img/Tieng Hoa/img-detail/Tieng Hoa 1 - 3.jpg', '3 Tuần Thi Đậu HSK3 giúp học viên làm quen và luyện tập với cấu trúc đề và các điểm ngữ pháp cơ bản của kì thi HSK. Nội dung sách bám sát với chương trình thi, giúp cho quá trình học của các bạn sẽ trở nên dễ dàng và hiệu quả hơn.\r\nKỳ thi trình độ Hán ngữ (HSK) là kỳ thi tiêu chuẩn hóa cấp quốc gia được lập ra nhằm mục đích kiểm tra trình độ Hán ngữ của những người có tiếng mẹ đẻ không phải là tiếng Hán (Tiếng Trung hay tiếng Hoa), bao gồm Kỳ thi trình độ Hán ngữ cơ bản (gọi tắt là HSK cơ bản), Kỳ thi Hán ngữ Sơ, Trung cấp (gọi tắt là HSK sơ trung) và kỳ thi Hán ngữ cao cấp (gọi tắt là HSK cao cấp).', '3 Tuần Thi Đậu HSK3 giúp học viên làm quen và luyện tập với cấu trúc đề và các điểm ngữ pháp cơ bản của kì thi HSK. Nội dung sách bám sát với chương trình thi, giúp cho quá trình học của các bạn sẽ trở nên dễ dàng và hiệu quả hơn.\r\nKỳ thi trình độ Hán ngữ (HSK) là kỳ thi tiêu chuẩn hóa cấp quốc gia được lập ra nhằm mục đích kiểm tra trình độ Hán ngữ của những người có tiếng mẹ đẻ không phải là tiếng Hán (Tiếng Trung hay tiếng Hoa), bao gồm Kỳ thi trình độ Hán ngữ cơ bản (gọi tắt là HSK cơ bản), Kỳ thi Hán ngữ Sơ, Trung cấp (gọi tắt là HSK sơ trung) và kỳ thi Hán ngữ cao cấp (gọi tắt là HSK cao cấp).'),
(13, 'CHN002', 'Giáo trình Hán Ngữ Tập 2 Quyển 1', 'Nhiều Tác Giả', 'NXB ĐH QG Hà Nội', 'Tiếng Hoa', 'chinese', 80000, 30, 'img/Tieng Hoa/Tieng Hoa 2.jpg', 'img/Tieng Hoa/img-detail/Tieng Hoa 2 - 1.jpg;img/Tieng Hoa/img-detail/Tieng Hoa 2 - 2.jpg;img/Tieng Hoa/img-detail/Tieng Hoa 2 - 3.jpg', '3 Tuần Thi Đậu HSK3 giúp học viên làm quen và luyện tập với cấu trúc đề và các điểm ngữ pháp cơ bản của kì thi HSK. Nội dung sách bám sát với chương trình thi, giúp cho quá trình học của các bạn sẽ trở nên dễ dàng và hiệu quả hơn.\r\nKỳ thi trình độ Hán ngữ (HSK) là kỳ thi tiêu chuẩn hóa cấp quốc gia được lập ra nhằm mục đích kiểm tra trình độ Hán ngữ của những người có tiếng mẹ đẻ không phải là tiếng Hán (Tiếng Trung hay tiếng Hoa), bao gồm Kỳ thi trình độ Hán ngữ cơ bản (gọi tắt là HSK cơ bản), Kỳ thi Hán ngữ Sơ, Trung cấp (gọi tắt là HSK sơ trung) và kỳ thi Hán ngữ cao cấp (gọi tắt là HSK cao cấp).', '3 Tuần Thi Đậu HSK3 giúp học viên làm quen và luyện tập với cấu trúc đề và các điểm ngữ pháp cơ bản của kì thi HSK. Nội dung sách bám sát với chương trình thi, giúp cho quá trình học của các bạn sẽ trở nên dễ dàng và hiệu quả hơn.\r\nKỳ thi trình độ Hán ngữ (HSK) là kỳ thi tiêu chuẩn hóa cấp quốc gia được lập ra nhằm mục đích kiểm tra trình độ Hán ngữ của những người có tiếng mẹ đẻ không phải là tiếng Hán (Tiếng Trung hay tiếng Hoa), bao gồm Kỳ thi trình độ Hán ngữ cơ bản (gọi tắt là HSK cơ bản), Kỳ thi Hán ngữ Sơ, Trung cấp (gọi tắt là HSK sơ trung) và kỳ thi Hán ngữ cao cấp (gọi tắt là HSK cao cấp).'),
(14, 'CHN003', '301 Câu Đàm Thoại Tiếng Hoa', 'Trương Văn Giới', 'NXB ĐH QG Hà Nội', 'Tiếng Hoa', 'chinese', 85000, 30, 'img/Tieng Hoa/Tieng Hoa 3.jpg', 'img/Tieng Hoa/img-detail/Tieng Hoa 3 - 1.jpg;img/Tieng Hoa/img-detail/Tieng Hoa 3 - 2.jpg;img/Tieng Hoa/img-detail/Tieng Hoa 3 - 3.jpg', '3 Tuần Thi Đậu HSK3 giúp học viên làm quen và luyện tập với cấu trúc đề và các điểm ngữ pháp cơ bản của kì thi HSK. Nội dung sách bám sát với chương trình thi, giúp cho quá trình học của các bạn sẽ trở nên dễ dàng và hiệu quả hơn.\r\nKỳ thi trình độ Hán ngữ (HSK) là kỳ thi tiêu chuẩn hóa cấp quốc gia được lập ra nhằm mục đích kiểm tra trình độ Hán ngữ của những người có tiếng mẹ đẻ không phải là tiếng Hán (Tiếng Trung hay tiếng Hoa), bao gồm Kỳ thi trình độ Hán ngữ cơ bản (gọi tắt là HSK cơ bản), Kỳ thi Hán ngữ Sơ, Trung cấp (gọi tắt là HSK sơ trung) và kỳ thi Hán ngữ cao cấp (gọi tắt là HSK cao cấp).', '3 Tuần Thi Đậu HSK3 giúp học viên làm quen và luyện tập với cấu trúc đề và các điểm ngữ pháp cơ bản của kì thi HSK. Nội dung sách bám sát với chương trình thi, giúp cho quá trình học của các bạn sẽ trở nên dễ dàng và hiệu quả hơn.\r\nKỳ thi trình độ Hán ngữ (HSK) là kỳ thi tiêu chuẩn hóa cấp quốc gia được lập ra nhằm mục đích kiểm tra trình độ Hán ngữ của những người có tiếng mẹ đẻ không phải là tiếng Hán (Tiếng Trung hay tiếng Hoa), bao gồm Kỳ thi trình độ Hán ngữ cơ bản (gọi tắt là HSK cơ bản), Kỳ thi Hán ngữ Sơ, Trung cấp (gọi tắt là HSK sơ trung) và kỳ thi Hán ngữ cao cấp (gọi tắt là HSK cao cấp).'),
(15, 'CHN004', 'Giáo trình Hán Ngữ Boya Tập 1 Quyển 2', 'Lý Hiểu Kỳ', 'NXB ĐH QG Hà Nội', 'Tiếng Hoa', 'chinese', 78000, 30, 'img/Tieng Hoa/Tieng Hoa 4.jpg', 'img/Tieng Hoa/img-detail/Tieng Hoa 4 - 1.jpg;img/Tieng Hoa/img-detail/Tieng Hoa 4 - 2.jpg;img/Tieng Hoa/img-detail/Tieng Hoa 4 - 3.jpg', '3 Tuần Thi Đậu HSK3 giúp học viên làm quen và luyện tập với cấu trúc đề và các điểm ngữ pháp cơ bản của kì thi HSK. Nội dung sách bám sát với chương trình thi, giúp cho quá trình học của các bạn sẽ trở nên dễ dàng và hiệu quả hơn.\r\nKỳ thi trình độ Hán ngữ (HSK) là kỳ thi tiêu chuẩn hóa cấp quốc gia được lập ra nhằm mục đích kiểm tra trình độ Hán ngữ của những người có tiếng mẹ đẻ không phải là tiếng Hán (Tiếng Trung hay tiếng Hoa), bao gồm Kỳ thi trình độ Hán ngữ cơ bản (gọi tắt là HSK cơ bản), Kỳ thi Hán ngữ Sơ, Trung cấp (gọi tắt là HSK sơ trung) và kỳ thi Hán ngữ cao cấp (gọi tắt là HSK cao cấp).', '3 Tuần Thi Đậu HSK3 giúp học viên làm quen và luyện tập với cấu trúc đề và các điểm ngữ pháp cơ bản của kì thi HSK. Nội dung sách bám sát với chương trình thi, giúp cho quá trình học của các bạn sẽ trở nên dễ dàng và hiệu quả hơn.\r\nKỳ thi trình độ Hán ngữ (HSK) là kỳ thi tiêu chuẩn hóa cấp quốc gia được lập ra nhằm mục đích kiểm tra trình độ Hán ngữ của những người có tiếng mẹ đẻ không phải là tiếng Hán (Tiếng Trung hay tiếng Hoa), bao gồm Kỳ thi trình độ Hán ngữ cơ bản (gọi tắt là HSK cơ bản), Kỳ thi Hán ngữ Sơ, Trung cấp (gọi tắt là HSK sơ trung) và kỳ thi Hán ngữ cao cấp (gọi tắt là HSK cao cấp).'),
(16, 'CHN005', '900 Câu Hán Ngữ', 'Lý Hiểu Kỳ', 'NXB ĐH QG Hà Nội', 'Tiếng Hoa', 'chinese', 70000, 30, 'img/Tieng Hoa/Tieng Hoa 5.jpg', 'img/Tieng Hoa/img-detail/Tieng Hoa 5 - 1.jpg;img/Tieng Hoa/img-detail/Tieng Hoa 5 - 2.jpg;img/Tieng Hoa/img-detail/Tieng Hoa 5 - 3.jpg', '3 Tuần Thi Đậu HSK3 giúp học viên làm quen và luyện tập với cấu trúc đề và các điểm ngữ pháp cơ bản của kì thi HSK. Nội dung sách bám sát với chương trình thi, giúp cho quá trình học của các bạn sẽ trở nên dễ dàng và hiệu quả hơn.\r\nKỳ thi trình độ Hán ngữ (HSK) là kỳ thi tiêu chuẩn hóa cấp quốc gia được lập ra nhằm mục đích kiểm tra trình độ Hán ngữ của những người có tiếng mẹ đẻ không phải là tiếng Hán (Tiếng Trung hay tiếng Hoa), bao gồm Kỳ thi trình độ Hán ngữ cơ bản (gọi tắt là HSK cơ bản), Kỳ thi Hán ngữ Sơ, Trung cấp (gọi tắt là HSK sơ trung) và kỳ thi Hán ngữ cao cấp (gọi tắt là HSK cao cấp).', '3 Tuần Thi Đậu HSK3 giúp học viên làm quen và luyện tập với cấu trúc đề và các điểm ngữ pháp cơ bản của kì thi HSK. Nội dung sách bám sát với chương trình thi, giúp cho quá trình học của các bạn sẽ trở nên dễ dàng và hiệu quả hơn.\r\nKỳ thi trình độ Hán ngữ (HSK) là kỳ thi tiêu chuẩn hóa cấp quốc gia được lập ra nhằm mục đích kiểm tra trình độ Hán ngữ của những người có tiếng mẹ đẻ không phải là tiếng Hán (Tiếng Trung hay tiếng Hoa), bao gồm Kỳ thi trình độ Hán ngữ cơ bản (gọi tắt là HSK cơ bản), Kỳ thi Hán ngữ Sơ, Trung cấp (gọi tắt là HSK sơ trung) và kỳ thi Hán ngữ cao cấp (gọi tắt là HSK cao cấp).'),
(17, 'CHN006', 'Giáo trình Hán Ngữ Tập 2 Quyển 2', 'Nhiều Tác Giả', 'NXB ĐH QG Hà Nội', 'Tiếng Hoa', 'chinese', 65000, 30, 'img/Tieng Hoa/Tieng Hoa 6.jpg', 'img/Tieng Hoa/img-detail/Tieng Hoa 6 - 1.jpg;img/Tieng Hoa/img-detail/Tieng Hoa 6 - 2.jpg;img/Tieng Hoa/img-detail/Tieng Hoa 6 - 3.jpg', '3 Tuần Thi Đậu HSK3 giúp học viên làm quen và luyện tập với cấu trúc đề và các điểm ngữ pháp cơ bản của kì thi HSK. Nội dung sách bám sát với chương trình thi, giúp cho quá trình học của các bạn sẽ trở nên dễ dàng và hiệu quả hơn.\r\nKỳ thi trình độ Hán ngữ (HSK) là kỳ thi tiêu chuẩn hóa cấp quốc gia được lập ra nhằm mục đích kiểm tra trình độ Hán ngữ của những người có tiếng mẹ đẻ không phải là tiếng Hán (Tiếng Trung hay tiếng Hoa), bao gồm Kỳ thi trình độ Hán ngữ cơ bản (gọi tắt là HSK cơ bản), Kỳ thi Hán ngữ Sơ, Trung cấp (gọi tắt là HSK sơ trung) và kỳ thi Hán ngữ cao cấp (gọi tắt là HSK cao cấp).', '3 Tuần Thi Đậu HSK3 giúp học viên làm quen và luyện tập với cấu trúc đề và các điểm ngữ pháp cơ bản của kì thi HSK. Nội dung sách bám sát với chương trình thi, giúp cho quá trình học của các bạn sẽ trở nên dễ dàng và hiệu quả hơn.\r\nKỳ thi trình độ Hán ngữ (HSK) là kỳ thi tiêu chuẩn hóa cấp quốc gia được lập ra nhằm mục đích kiểm tra trình độ Hán ngữ của những người có tiếng mẹ đẻ không phải là tiếng Hán (Tiếng Trung hay tiếng Hoa), bao gồm Kỳ thi trình độ Hán ngữ cơ bản (gọi tắt là HSK cơ bản), Kỳ thi Hán ngữ Sơ, Trung cấp (gọi tắt là HSK sơ trung) và kỳ thi Hán ngữ cao cấp (gọi tắt là HSK cao cấp).'),
(18, 'CHN007', 'Luyện Thi HSK cấp tốc', 'Thanh Quyền', 'NXB ĐH QG Hà Nội', 'Tiếng Hoa', 'chinese', 120000, 30, 'img/Tieng Hoa/Tieng Hoa 7.jpg', 'img/Tieng Hoa/img-detail/Tieng Hoa 7 - 1.jpg;img/Tieng Hoa/img-detail/Tieng Hoa 7 - 2.jpg;img/Tieng Hoa/img-detail/Tieng Hoa 7 - 3.jpg', '3 Tuần Thi Đậu HSK3 giúp học viên làm quen và luyện tập với cấu trúc đề và các điểm ngữ pháp cơ bản của kì thi HSK. Nội dung sách bám sát với chương trình thi, giúp cho quá trình học của các bạn sẽ trở nên dễ dàng và hiệu quả hơn.\r\nKỳ thi trình độ Hán ngữ (HSK) là kỳ thi tiêu chuẩn hóa cấp quốc gia được lập ra nhằm mục đích kiểm tra trình độ Hán ngữ của những người có tiếng mẹ đẻ không phải là tiếng Hán (Tiếng Trung hay tiếng Hoa), bao gồm Kỳ thi trình độ Hán ngữ cơ bản (gọi tắt là HSK cơ bản), Kỳ thi Hán ngữ Sơ, Trung cấp (gọi tắt là HSK sơ trung) và kỳ thi Hán ngữ cao cấp (gọi tắt là HSK cao cấp).', '3 Tuần Thi Đậu HSK3 giúp học viên làm quen và luyện tập với cấu trúc đề và các điểm ngữ pháp cơ bản của kì thi HSK. Nội dung sách bám sát với chương trình thi, giúp cho quá trình học của các bạn sẽ trở nên dễ dàng và hiệu quả hơn.\r\nKỳ thi trình độ Hán ngữ (HSK) là kỳ thi tiêu chuẩn hóa cấp quốc gia được lập ra nhằm mục đích kiểm tra trình độ Hán ngữ của những người có tiếng mẹ đẻ không phải là tiếng Hán (Tiếng Trung hay tiếng Hoa), bao gồm Kỳ thi trình độ Hán ngữ cơ bản (gọi tắt là HSK cơ bản), Kỳ thi Hán ngữ Sơ, Trung cấp (gọi tắt là HSK sơ trung) và kỳ thi Hán ngữ cao cấp (gọi tắt là HSK cao cấp).'),
(19, 'CHN008', 'Giáo trình Hán Ngữ Tập 3 Quyển 1', 'Nhiều Tác Giả', 'NXB ĐH QG Hà Nội', 'Tiếng Hoa', 'chinese', 81000, 20, 'img/Tieng Hoa/Tieng Hoa 8.jpg', 'img/Tieng Hoa/img-detail/Tieng Hoa 8 - 1.jpg;img/Tieng Hoa/img-detail/Tieng Hoa 8 - 2.jpg;img/Tieng Hoa/img-detail/Tieng Hoa 8 - 3.jpg', '3 Tuần Thi Đậu HSK3 giúp học viên làm quen và luyện tập với cấu trúc đề và các điểm ngữ pháp cơ bản của kì thi HSK. Nội dung sách bám sát với chương trình thi, giúp cho quá trình học của các bạn sẽ trở nên dễ dàng và hiệu quả hơn.\r\nKỳ thi trình độ Hán ngữ (HSK) là kỳ thi tiêu chuẩn hóa cấp quốc gia được lập ra nhằm mục đích kiểm tra trình độ Hán ngữ của những người có tiếng mẹ đẻ không phải là tiếng Hán (Tiếng Trung hay tiếng Hoa), bao gồm Kỳ thi trình độ Hán ngữ cơ bản (gọi tắt là HSK cơ bản), Kỳ thi Hán ngữ Sơ, Trung cấp (gọi tắt là HSK sơ trung) và kỳ thi Hán ngữ cao cấp (gọi tắt là HSK cao cấp).', '3 Tuần Thi Đậu HSK3 giúp học viên làm quen và luyện tập với cấu trúc đề và các điểm ngữ pháp cơ bản của kì thi HSK. Nội dung sách bám sát với chương trình thi, giúp cho quá trình học của các bạn sẽ trở nên dễ dàng và hiệu quả hơn.\r\nKỳ thi trình độ Hán ngữ (HSK) là kỳ thi tiêu chuẩn hóa cấp quốc gia được lập ra nhằm mục đích kiểm tra trình độ Hán ngữ của những người có tiếng mẹ đẻ không phải là tiếng Hán (Tiếng Trung hay tiếng Hoa), bao gồm Kỳ thi trình độ Hán ngữ cơ bản (gọi tắt là HSK cơ bản), Kỳ thi Hán ngữ Sơ, Trung cấp (gọi tắt là HSK sơ trung) và kỳ thi Hán ngữ cao cấp (gọi tắt là HSK cao cấp).'),
(20, 'JAP001', 'Tiếng Nhật Cho Mọi Người - Sơ Cấp 2 - Bản Dịch Và Giải Thích Ngữ Pháp - Tiếng Việt (Bản Mới)', 'Minna no Nihongo', 'NXB Trẻ', 'Tiếng Nhật', 'japanese', 70000, 40, 'img/Tieng Nhat/Tieng Nhat 1.jpg', 'img/Tieng Nhat/img-detail/Tieng Nhat 1 - 1.jpg;img/Tieng Nhat/img-detail/Tieng Nhat 1 - 2.jpg;img/Tieng Nhat/img-detail/Tieng Nhat 1 - 3.jpg', '3 Tuần Thi Đậu HSK3 giúp học viên làm quen và luyện tập với cấu trúc đề và các điểm ngữ pháp cơ bản của kì thi HSK. Nội dung sách bám sát với chương trình thi, giúp cho quá trình học của các bạn sẽ trở nên dễ dàng và hiệu quả hơn.\r\nKỳ thi trình độ Hán ngữ (HSK) là kỳ thi tiêu chuẩn hóa cấp quốc gia được lập ra nhằm mục đích kiểm tra trình độ Hán ngữ của những người có tiếng mẹ đẻ không phải là tiếng Hán (Tiếng Trung hay tiếng Hoa), bao gồm Kỳ thi trình độ Hán ngữ cơ bản (gọi tắt là HSK cơ bản), Kỳ thi Hán ngữ Sơ, Trung cấp (gọi tắt là HSK sơ trung) và kỳ thi Hán ngữ cao cấp (gọi tắt là HSK cao cấp).', '3 Tuần Thi Đậu HSK3 giúp học viên làm quen và luyện tập với cấu trúc đề và các điểm ngữ pháp cơ bản của kì thi HSK. Nội dung sách bám sát với chương trình thi, giúp cho quá trình học của các bạn sẽ trở nên dễ dàng và hiệu quả hơn.\r\nKỳ thi trình độ Hán ngữ (HSK) là kỳ thi tiêu chuẩn hóa cấp quốc gia được lập ra nhằm mục đích kiểm tra trình độ Hán ngữ của những người có tiếng mẹ đẻ không phải là tiếng Hán (Tiếng Trung hay tiếng Hoa), bao gồm Kỳ thi trình độ Hán ngữ cơ bản (gọi tắt là HSK cơ bản), Kỳ thi Hán ngữ Sơ, Trung cấp (gọi tắt là HSK sơ trung) và kỳ thi Hán ngữ cao cấp (gọi tắt là HSK cao cấp).'),
(21, 'JAP002', 'Sou Matome N1 Đọc Hiểu', 'Minna no Nihongo', 'NXB Trẻ', 'Tiếng Nhật', 'japanese', 45000, 40, 'img/Tieng Nhat/Tieng Nhat 2.jpg', 'img/Tieng Nhat/img-detail/Tieng Nhat 2 - 1.jpg;img/Tieng Nhat/img-detail/Tieng Nhat 2 - 2.jpg;img/Tieng Nhat/img-detail/Tieng Nhat 2 - 3.jpg', 'Bộ sách Nihongo somatome N3 này được xuất bản nhằm giúp bạn có được những kiến thức cần thiết một cách nhanh chóng, hiệu quả và hoàn thành tốt kỳ thi năng lực Nhật ngữ N3. Bộ sách này có 5 quyển: Hán tự (Kanji), Từ vựng (Goi), Đọc hiểu (Dokkai), Nghe hiểu (Choukai) và Ngữ pháp (Bunpou), do Nhà xuất bản ASK xuất bản và là một trong số các tựa sách học tiếng Nhật hàng đầu trong hệ thống phân phối sách Kinokuniya lớn nhất Nhật Bản. Hi vọng bộ sách sẽ giúp các bạn chuẩn bị tham gia kỳ thi năng lực Nhật ngữ JLPT nắm được những nội dung kiến thức cần phải có trong năng lực Nhật ngữ N3 một cách nhanh chóng, hiệu quả và tổng quát nhất trong khoảng thời gian từ 4 đến 6 tuần.', 'Bộ sách Nihongo somatome N3 này được xuất bản nhằm giúp bạn có được những kiến thức cần thiết một cách nhanh chóng, hiệu quả và hoàn thành tốt kỳ thi năng lực Nhật ngữ N3. Bộ sách này có 5 quyển: Hán tự (Kanji), Từ vựng (Goi), Đọc hiểu (Dokkai), Nghe hiểu (Choukai) và Ngữ pháp (Bunpou), do Nhà xuất bản ASK xuất bản và là một trong số các tựa sách học tiếng Nhật hàng đầu trong hệ thống phân phối sách Kinokuniya lớn nhất Nhật Bản. Hi vọng bộ sách sẽ giúp các bạn chuẩn bị tham gia kỳ thi năng lực Nhật ngữ JLPT nắm được những nội dung kiến thức cần phải có trong năng lực Nhật ngữ N3 một cách nhanh chóng, hiệu quả và tổng quát nhất trong khoảng thời gian từ 4 đến 6 tuần.'),
(22, 'JAP003', 'Sou Matome N4 Tổng hợp', 'Minna no Nihongo', 'NXB Trẻ', 'Tiếng Nhật', 'japanese', 60000, 40, 'img/Tieng Nhat/Tieng Nhat 3.jpg', 'img/Tieng Nhat/img-detail/Tieng Nhat 3 - 1.jpg;img/Tieng Nhat/img-detail/Tieng Nhat 3 - 2.jpg;img/Tieng Nhat/img-detail/Tieng Nhat 3 - 3.jpg', 'Bộ sách Nihongo somatome N3 này được xuất bản nhằm giúp bạn có được những kiến thức cần thiết một cách nhanh chóng, hiệu quả và hoàn thành tốt kỳ thi năng lực Nhật ngữ N3. Bộ sách này có 5 quyển: Hán tự (Kanji), Từ vựng (Goi), Đọc hiểu (Dokkai), Nghe hiểu (Choukai) và Ngữ pháp (Bunpou), do Nhà xuất bản ASK xuất bản và là một trong số các tựa sách học tiếng Nhật hàng đầu trong hệ thống phân phối sách Kinokuniya lớn nhất Nhật Bản. Hi vọng bộ sách sẽ giúp các bạn chuẩn bị tham gia kỳ thi năng lực Nhật ngữ JLPT nắm được những nội dung kiến thức cần phải có trong năng lực Nhật ngữ N3 một cách nhanh chóng, hiệu quả và tổng quát nhất trong khoảng thời gian từ 4 đến 6 tuần.', 'Bộ sách Nihongo somatome N3 này được xuất bản nhằm giúp bạn có được những kiến thức cần thiết một cách nhanh chóng, hiệu quả và hoàn thành tốt kỳ thi năng lực Nhật ngữ N3. Bộ sách này có 5 quyển: Hán tự (Kanji), Từ vựng (Goi), Đọc hiểu (Dokkai), Nghe hiểu (Choukai) và Ngữ pháp (Bunpou), do Nhà xuất bản ASK xuất bản và là một trong số các tựa sách học tiếng Nhật hàng đầu trong hệ thống phân phối sách Kinokuniya lớn nhất Nhật Bản. Hi vọng bộ sách sẽ giúp các bạn chuẩn bị tham gia kỳ thi năng lực Nhật ngữ JLPT nắm được những nội dung kiến thức cần phải có trong năng lực Nhật ngữ N3 một cách nhanh chóng, hiệu quả và tổng quát nhất trong khoảng thời gian từ 4 đến 6 tuần.'),
(23, 'JAP004', 'Kanji Look and Learn', 'Minna no Nihongo', 'NXB Hồng Đức', 'Tiếng Nhật', 'japanese', 70000, 40, 'img/Tieng Nhat/Tieng Nhat 4.jpg', 'img/Tieng Nhat/img-detail/Tieng Nhat 4 - 1.jpg;img/Tieng Nhat/img-detail/Tieng Nhat 4 - 2.jpg;img/Tieng Nhat/img-detail/Tieng Nhat 4 - 3.jpg', 'Bộ sách Nihongo somatome N3 này được xuất bản nhằm giúp bạn có được những kiến thức cần thiết một cách nhanh chóng, hiệu quả và hoàn thành tốt kỳ thi năng lực Nhật ngữ N3. Bộ sách này có 5 quyển: Hán tự (Kanji), Từ vựng (Goi), Đọc hiểu (Dokkai), Nghe hiểu (Choukai) và Ngữ pháp (Bunpou), do Nhà xuất bản ASK xuất bản và là một trong số các tựa sách học tiếng Nhật hàng đầu trong hệ thống phân phối sách Kinokuniya lớn nhất Nhật Bản. Hi vọng bộ sách sẽ giúp các bạn chuẩn bị tham gia kỳ thi năng lực Nhật ngữ JLPT nắm được những nội dung kiến thức cần phải có trong năng lực Nhật ngữ N3 một cách nhanh chóng, hiệu quả và tổng quát nhất trong khoảng thời gian từ 4 đến 6 tuần.', 'Bộ sách Nihongo somatome N3 này được xuất bản nhằm giúp bạn có được những kiến thức cần thiết một cách nhanh chóng, hiệu quả và hoàn thành tốt kỳ thi năng lực Nhật ngữ N3. Bộ sách này có 5 quyển: Hán tự (Kanji), Từ vựng (Goi), Đọc hiểu (Dokkai), Nghe hiểu (Choukai) và Ngữ pháp (Bunpou), do Nhà xuất bản ASK xuất bản và là một trong số các tựa sách học tiếng Nhật hàng đầu trong hệ thống phân phối sách Kinokuniya lớn nhất Nhật Bản. Hi vọng bộ sách sẽ giúp các bạn chuẩn bị tham gia kỳ thi năng lực Nhật ngữ JLPT nắm được những nội dung kiến thức cần phải có trong năng lực Nhật ngữ N3 một cách nhanh chóng, hiệu quả và tổng quát nhất trong khoảng thời gian từ 4 đến 6 tuần.'),
(24, 'JAP005', 'Sou Matome N2 2500 Từ Vựng', 'ARC Academy', 'NXB Trẻ', 'Tiếng Nhật', 'japanese', 80000, 30, 'img/Tieng Nhat/Tieng Nhat 5.jpg', 'img/Tieng Nhat/img-detail/Tieng Nhat 5 - 1.jpg;img/Tieng Nhat/img-detail/Tieng Nhat 5 - 2.jpg;img/Tieng Nhat/img-detail/Tieng Nhat 5 - 3.jpg', 'Bộ sách Nihongo somatome N3 này được xuất bản nhằm giúp bạn có được những kiến thức cần thiết một cách nhanh chóng, hiệu quả và hoàn thành tốt kỳ thi năng lực Nhật ngữ N3. Bộ sách này có 5 quyển: Hán tự (Kanji), Từ vựng (Goi), Đọc hiểu (Dokkai), Nghe hiểu (Choukai) và Ngữ pháp (Bunpou), do Nhà xuất bản ASK xuất bản và là một trong số các tựa sách học tiếng Nhật hàng đầu trong hệ thống phân phối sách Kinokuniya lớn nhất Nhật Bản. Hi vọng bộ sách sẽ giúp các bạn chuẩn bị tham gia kỳ thi năng lực Nhật ngữ JLPT nắm được những nội dung kiến thức cần phải có trong năng lực Nhật ngữ N3 một cách nhanh chóng, hiệu quả và tổng quát nhất trong khoảng thời gian từ 4 đến 6 tuần.', 'Bộ sách Nihongo somatome N3 này được xuất bản nhằm giúp bạn có được những kiến thức cần thiết một cách nhanh chóng, hiệu quả và hoàn thành tốt kỳ thi năng lực Nhật ngữ N3. Bộ sách này có 5 quyển: Hán tự (Kanji), Từ vựng (Goi), Đọc hiểu (Dokkai), Nghe hiểu (Choukai) và Ngữ pháp (Bunpou), do Nhà xuất bản ASK xuất bản và là một trong số các tựa sách học tiếng Nhật hàng đầu trong hệ thống phân phối sách Kinokuniya lớn nhất Nhật Bản. Hi vọng bộ sách sẽ giúp các bạn chuẩn bị tham gia kỳ thi năng lực Nhật ngữ JLPT nắm được những nội dung kiến thức cần phải có trong năng lực Nhật ngữ N3 một cách nhanh chóng, hiệu quả và tổng quát nhất trong khoảng thời gian từ 4 đến 6 tuần.'),
(25, 'JAP006', 'Sou Matome N1 3000 Từ Vựng', 'ARC Academy', 'NXB Trẻ', 'Tiếng Nhật', 'japanese', 85000, 30, 'img/Tieng Nhat/Tieng Nhat 6.jpg', 'img/Tieng Nhat/img-detail/Tieng Nhat 6 - 1.jpg;img/Tieng Nhat/img-detail/Tieng Nhat 6 - 2.jpg;img/Tieng Nhat/img-detail/Tieng Nhat 6 - 3.jpg', 'Bộ sách Nihongo somatome N3 này được xuất bản nhằm giúp bạn có được những kiến thức cần thiết một cách nhanh chóng, hiệu quả và hoàn thành tốt kỳ thi năng lực Nhật ngữ N3. Bộ sách này có 5 quyển: Hán tự (Kanji), Từ vựng (Goi), Đọc hiểu (Dokkai), Nghe hiểu (Choukai) và Ngữ pháp (Bunpou), do Nhà xuất bản ASK xuất bản và là một trong số các tựa sách học tiếng Nhật hàng đầu trong hệ thống phân phối sách Kinokuniya lớn nhất Nhật Bản. Hi vọng bộ sách sẽ giúp các bạn chuẩn bị tham gia kỳ thi năng lực Nhật ngữ JLPT nắm được những nội dung kiến thức cần phải có trong năng lực Nhật ngữ N3 một cách nhanh chóng, hiệu quả và tổng quát nhất trong khoảng thời gian từ 4 đến 6 tuần.', 'Bộ sách Nihongo somatome N3 này được xuất bản nhằm giúp bạn có được những kiến thức cần thiết một cách nhanh chóng, hiệu quả và hoàn thành tốt kỳ thi năng lực Nhật ngữ N3. Bộ sách này có 5 quyển: Hán tự (Kanji), Từ vựng (Goi), Đọc hiểu (Dokkai), Nghe hiểu (Choukai) và Ngữ pháp (Bunpou), do Nhà xuất bản ASK xuất bản và là một trong số các tựa sách học tiếng Nhật hàng đầu trong hệ thống phân phối sách Kinokuniya lớn nhất Nhật Bản. Hi vọng bộ sách sẽ giúp các bạn chuẩn bị tham gia kỳ thi năng lực Nhật ngữ JLPT nắm được những nội dung kiến thức cần phải có trong năng lực Nhật ngữ N3 một cách nhanh chóng, hiệu quả và tổng quát nhất trong khoảng thời gian từ 4 đến 6 tuần.'),
(26, 'MAN001', 'ハイキュー！！公式カラーイラスト集ハイカ ', '古舘 春一', '集英社', 'Tiếng Nhật', 'manga', 320000, 15, 'img/Manga/Manga 1.jpg', 'img/Manga/img-detail/Manga 1 - 1.jpg;img/Manga/img-detail/Manga 1 - 2.jpg;img/Manga/img-detail/Manga 1 - 3.jpg', '内容はまだきめられないです。', '内容はまだきめられないです。'),
(27, 'MAN002', '斉木楠雄のΨ難 8 ', '麻生 周一', '集英社', 'Tiếng Nhật', 'manga', 120000, 15, 'img/Manga/Manga 2.jpg', 'img/Manga/img-detail/Manga 2 - 1.jpg;img/Manga/img-detail/Manga 2 - 2.jpg;img/Manga/img-detail/Manga 2 - 3.jpg', '内容はまだきめられないです。', '内容はまだきめられないです。'),
(28, 'MAN003', 'ドラえもん 41 ', '麻生 周一', '集英社', 'Tiếng Nhật', 'manga', 150000, 15, 'img/Manga/Manga 3.jpg', 'img/Manga/img-detail/Manga 3 - 1.jpg;img/Manga/img-detail/Manga 3 - 2.jpg;img/Manga/img-detail/Manga 3 - 3.jpg', '内容はまだきめられないです。', '内容はまだきめられないです。'),
(29, 'MAN004', '金田一少年の事件簿 5 ', 'さとうふみや', '集英社', 'Tiếng Nhật', 'manga', 110000, 15, 'img/Manga/Manga 4.jpg', 'img/Manga/img-detail/Manga 4 - 1.jpg;img/Manga/img-detail/Manga 4 - 2.jpg;img/Manga/img-detail/Manga 4 - 3.jpg', '内容はまだきめられないです。', '内容はまだきめられないです。'),
(30, 'MAN005', '名探偵コナン 96 ', '青山　剛晶', '集英社', 'Tiếng Nhật', 'manga', 140000, 15, 'img/Manga/Manga 5.jpg', 'img/Manga/img-detail/Manga 5 - 1.jpg;img/Manga/img-detail/Manga 5 - 2.jpg;img/Manga/img-detail/Manga 5 - 3.jpg', '内容はまだきめられないです。', '内容はまだきめられないです。'),
(31, 'MAN006', '呪術廻戦 8 ', '芥見 下々', '集英社', 'Tiếng Nhật', 'manga', 140000, 17, 'img/Manga/Manga 6.jpg', 'img/Manga/img-detail/Manga 6 - 1.jpg;img/Manga/img-detail/Manga 6 - 2.jpg;img/Manga/img-detail/Manga 6 - 3.jpg', '内容はまだきめられないです。', '内容はまだきめられないです。');
INSERT INTO `books` (`id`, `book_code`, `book_title`, `author`, `book_publisher`, `language`, `book_type`, `book_price`, `quantity_in_stock`, `book_image`, `book_details_image`, `book_decription`, `short_description`) VALUES
(77, 'ENG012', 'Tự Học 2000 Từ Vựng Tiếng Anh Theo Chủ Đề (Tái Bản)', 'The Windy', 'NXB Tổng Hợp TPHCM', 'Tiếng Việt', 'english', 65000, 40, 'img/Tieng Anh/Tieng Anh 12.jpg', 'img/Tieng Anh/img-detail/Tieng Anh 12 - 1.jpg;img/Tieng Anh/img-detail/Tieng Anh 12 - 2.jpg;img/Tieng Anh/img-detail/Tieng Anh 12 - 3.jpg', '<p style=\"text-align: justify;\">Nhà ngôn ngữ học nổi tiếng D.A.Wilkins \nđã nói rằng “Without grammar, very little can be conveyed; without \nvocabulary, nothing can be conveyed.” (Không có ngữ pháp, rất ít thông \ntin có thể được truyền đạt; Không có từ vựng, không một thông tin nào có\n thể được truyền đạt cả). Vì thế, trong việc học một ngoại ngữ, thì từ \nvựng có thể xem như các tế bào nhỏ hình thành nên khả năng sử dụng ngoại\n ngữ của người học.</p>\n<p style=\"text-align: justify;\">Các bạn đang băn khoăn chưa biết nên học\n từ vựng như thế nào để có thể ghi nhớ được nhiều từ và lâu nhất. Dưới \nđây là những phương pháp học mà các bạn có thể áp dụng để học từ vựng \nhiệu quả nhất.</p>\n<p style=\"text-align: justify;\">1. Học từ vựng theo chủ đề<br> Thay vì \nhọc riêng lẻ từng từ rời rạc, nếu các bạn biết nhóm chúng vào cùng một \nchủ đề thì đảm bảo việc học thuộc sẽ trở nên đơn giản hơn rất nhiều \nluôn. Có vốn từ vựng theo chủ đề, khi làm bài thi nói hoặc viết theo một\n chủ đề nào đó bạn sẽ phát huy được tối đa vốn từ vựng. Khiến bài nói và\n bài viết của bạn trôi chảy và nhiều ý tưởng. Vì vậy, việc học từ theo \nchủ đề cũng giống như một mũi tên trúng hai đích vậy, vừa giúp chúng ta \nbiết thêm nhiều từ mới, vừa có nhiều từ vựng và ý hay để triển khai cho \nbài thi được tốt hơn.</p>\n<p style=\"text-align: justify;\">2. Sử dụng hình ảnh, âm thanh hay câu chuyện để ghi nhớ từ vựng nhanh<br>\n Thực tế cho thấy, cách mà nhiều người thường hay học từ vựng đó là viết\n từ vựng đó kèm nghĩa ra giấy thật nhiều lần để ghi nhớ. Tuy nhiên, cách\n này có thể hiệu quả tức thời nhưng về lâu về dài, nếu không sử dụng lại\n thì chắc chắn ta sẽ quên từ. Ngược lại, nếu sử dụng những hình ảnh, âm \nthanh hay câu chuyện ấn tượng thì có thể khiến não bộ chúng ta nhớ rất \nmãi. Cách thức học này cũng vô cùng đơn giản, khi chúng ta học một từ \nmới, hãy cố gắng tự nghĩ ý tưởng và minh họa cho nó bằng hình ảnh ngộ \nnghĩnh, khi học một nhóm từ vựng theo chủ đề, hãy cố gắng sắp xếp chúng \nvào thành một đoạn văn, kể về một câu chuyện thú vị.</p>\n<p style=\"text-align: justify;\">3. Học từ vựng qua bài hát, phim ảnh</p>\n<p style=\"text-align: justify;\">Nhiều lúc do tâm lý nghĩ học tập là một \ngánh nặng, bắt buộc phải học mà khiến chúng ta mất đi niềm vui trong \nviệc tiếp nhận tri thức. Nếu các bạn có thể giải tỏa tâm lý đó bằng việc\n nghe nhạc hay xem phim thì sẽ khiến từ mới “vào đầu” dễ dàng hơn mà \nkhông khiến ta chán nản khi học. Các bạn nên học từ vựng bằng những phim\n từ mức độ thấp đến cao. Rất nhiều bộ phim hay để học tiếng Anh như: \nExtra English, Friends, How I met your mother?...</p>\n<p style=\"text-align: justify;\">4. Luôn có một cuốn sổ tay ghi từ mới<br>\n Cuốn sổ này sẽ cực kì hữu ích cho bạn trong việc học mọi lúc mọi nơi. \nMỗi ngày bạn hay ghi vào quyển sổ đó những từ mới học được bao gồm \nnghĩa, họ từ và ngày nào cũng mở ra đọc và học lại như vậy từ vựng đó sẽ\n không bao giờ có thể quên được.</p>\n<p style=\"text-align: justify;\">5. Tập sử dụng các từ mới và ôn tập thường xuyên<br> Sau khi học các từ mới, bạn nên tập sử dụng chúng hàng</p>', 'Nhà ngôn ngữ học nổi tiếng D.A.Wilkins đã nói rằng “Without grammar, very little can be conveyed; without vocabulary, nothing can be conveyed.” (Không có ngữ pháp, rất ít thông tin có thể được truyền đạt; Không có từ vựng, không một thông tin nào có thể được truyền đạt cả). Vì thế, trong việc học một ngoại ngữ, thì từ vựng có thể xem như các tế bào nhỏ hình thành nên khả năng sử dụng ngoại ngữ của người học.');

--
-- Dumping data for table `hibernate_sequence`
--

INSERT INTO `hibernate_sequence` (`next_val`) VALUES
(45);

--
-- Dumping data for table `orders`
--

INSERT INTO `orders` (`id`, `comments`, `order_date`, `payment`, `status`, `users_id`, `voucher_id`) VALUES
(13, '', '2021-06-26 21:03:45', 152500, 'Cho kiem duyet', 2, NULL),
(36, '', '2021-07-03 00:03:27', 71500, 'Cho kiem duyet', 8, NULL),
(39, '', '2021-07-04 20:12:24', 81000, 'Cho kiem duyet', 8, NULL),
(43, '', '2021-07-06 16:30:27', 85000, 'Cho kiem duyet', 8, NULL),
(56, '', '2021-06-19 00:34:27', 1072000, 'Cho kiem duyet', 55, NULL),
(60, '', '2021-06-19 00:34:59', 722000, 'Cho kiem duyet', 55, NULL),
(64, '', '2021-06-19 00:35:49', 722000, 'Đã xác nhận', 2, NULL),
(69, '', '2021-06-19 00:36:56', 722000, 'Cho kiem duyet', 68, NULL),
(73, '', '2021-06-19 00:43:35', 722000, 'Cho kiem duyet', 37, NULL),
(80, '', '2021-06-20 21:22:52', 2420000, 'Cho kiem duyet', 55, NULL),
(85, '', '2021-06-21 10:17:31', 454500, 'Cho kiem duyet', 84, 1),
(89, '', '2021-06-21 10:58:59', 9200000, 'Cho kiem duyet', 42, NULL),
(92, '', '2021-06-21 11:01:02', 18010000, 'Cho kiem duyet', 84, NULL),
(95, '', '2021-06-21 11:01:57', 2229000, 'Cho kiem duyet', 84, NULL),
(98, '', '2021-06-21 11:04:27', 63680000, 'Cho kiem duyet', 55, NULL),
(100, '', '2021-06-21 11:06:34', 6860000, 'Cho kiem duyet', 42, NULL),
(105, '', '2021-06-21 16:45:09', 985000, 'Cho kiem duyet', 2, NULL),
(109, '', '2021-06-21 16:45:52', 110000, 'Cho kiem duyet', 2, NULL),
(111, '', '2021-06-21 16:46:50', 120000, 'Cho kiem duyet', 2, NULL),
(113, '', '2021-06-21 16:48:11', 140000, 'Cho kiem duyet', 2, NULL),
(115, '', '2021-06-21 16:48:47', 85000, 'Cho kiem duyet', 2, NULL),
(117, '', '2021-06-21 16:49:29', 150000, 'Cho kiem duyet', 2, NULL),
(119, '', '2021-06-21 16:50:15', 120000, 'Cho kiem duyet', 2, NULL),
(121, '', '2021-06-21 16:50:51', 190000, 'Cho kiem duyet', 2, NULL),
(123, '', '2021-06-21 16:51:27', 45000, 'Cho kiem duyet', 2, NULL),
(125, '', '2021-06-21 16:52:17', 81000, 'Cho kiem duyet', 2, NULL),
(127, '', '2021-06-22 14:03:32', 431000, 'Cho kiem duyet', 79, NULL),
(131, '', '2021-06-22 14:05:55', 1364000, 'Cho kiem duyet', 79, NULL),
(136, '', '2021-06-22 14:24:01', 81000, 'Cho kiem duyet', 135, NULL),
(138, '', '2021-06-22 19:44:56', 358000, 'Cho kiem duyet', 37, 1);

--
-- Dumping data for table `order_details`
--

INSERT INTO `order_details` (`id`, `book_id`, `quantity_order`, `order_id`) VALUES
(14, 2, 1, 13),
(15, 1, 1, 13),
(37, 2, 1, 36),
(40, 1, 1, 39),
(44, 25, 1, 43),
(57, 30, 3, 56),
(58, 8, 7, 56),
(59, 19, 2, 56),
(61, 30, 3, 60),
(62, 8, 2, 60),
(63, 19, 2, 60),
(65, 30, 3, 64),
(66, 8, 2, 64),
(67, 19, 2, 64),
(70, 30, 3, 69),
(71, 8, 2, 69),
(72, 19, 2, 69),
(74, 30, 3, 73),
(75, 8, 2, 73),
(76, 19, 2, 73),
(81, 31, 5, 80),
(82, 29, 4, 80),
(83, 26, 4, 80),
(86, 2, 3, 85),
(87, 12, 1, 85),
(88, 10, 1, 85),
(90, 31, 20, 89),
(91, 26, 20, 89),
(93, 3, 50, 92),
(94, 4, 20, 92),
(96, 1, 7, 95),
(97, 3, 6, 95),
(99, 26, 199, 98),
(101, 30, 49, 100),
(102, 28, 1, NULL),
(103, 1, 3, NULL),
(104, 1, 3, NULL),
(106, 77, 4, 105),
(107, 25, 5, 105),
(108, 11, 3, 105),
(110, 29, 1, 109),
(112, 27, 1, 111),
(114, 31, 1, 113),
(116, 25, 1, 115),
(118, 28, 1, 117),
(120, 9, 1, 119),
(122, 6, 1, 121),
(124, 7, 1, 123),
(126, 19, 1, 125),
(128, 1, 1, 127),
(129, 29, 1, 127),
(130, 12, 2, 127),
(132, 30, 3, 131),
(133, 24, 4, 131),
(134, 4, 3, 131),
(137, 1, 1, 136),
(139, 1, 1, 138),
(140, 3, 1, 138);

--
-- Dumping data for table `rating_comment`
--

INSERT INTO `rating_comment` (`id`, `comment`, `rating`, `book_id`, `users_id`, `date_created`) VALUES
(1, 'trdgd', 5, 1, 1, '2021-06-30 18:25:18'),
(2, 'eweaea', 4, 1, 2, '2021-06-30 18:25:18'),
(29, 'chua hay lam', 5, 1, 2, '2021-07-02 22:17:58'),
(30, 'Spansmdmsdmasmmasfasfasf', 1, 1, 2, '2021-07-02 23:02:45'),
(31, 'Spansmdmsdmasmmasfasfasf 2', 4, 1, 2, '2021-07-02 23:02:55'),
(32, 'Spansmdmsdmasmmasfasfasf 2', 3, 1, 2, '2021-07-02 23:02:57'),
(33, 'fefsfesegegseg', 4, 1, 2, '2021-07-02 23:20:22'),
(34, '93 khkshs skheshhd kelfkss', 5, 1, 2, '2021-07-02 23:22:53'),
(35, '93 khkshs skheshhd kelfkss 3333', 5, 1, 2, '2021-07-02 23:23:11'),
(41, 'tàm tạm', 5, 11, 2, '2021-07-06 16:23:18'),
(42, 'tệ cực', 1, 1, 8, '2021-07-06 16:28:52');

--
-- Dumping data for table `users`
--

INSERT INTO `users` (`id`, `full_name`, `phone_number`, `email`, `region`, `city_state`, `address`, `payment`, `user_name`, `password`, `register`, `role`) VALUES
(1, 'Lý Thành Tho', '0754123458', 'tholt@gmail.com', 'An Giang', 'Long Xuyên', '11 Hùng Vương', 0, 'tholt', '123', 1, 2),
(2, 'Nguyễn Thanh Tuyền', '0475147584', 'ngthtuyeen@gmail.com', 'An Giang', 'Long Xuyên', '45 Trường Trinh 2', 11178500, 'tuyennt', '123456', 1, 1),
(7, 'Lý Thành Thơ', '0745123487', 'tholtgmail.com', 'An Giang', 'Long Xuyên', '44 Mỹ Bình', 0, 'tholt2', '1234567', 1, 1),
(8, 'Lý Thành Thơ', '1234564125', 'tholt@gmail.com', 'An Giang', 'Long Xuyên', '44 An Giang', 237500, 'tholt3', '123456', 1, 1),
(16, 'Lý Thành Thơ', '0451235789', 'tholtt@gmail.com', 'An Giang', 'Long Xuyên', '33 Hùng Vương', 0, 'tholt22', '123456', 1, 1),
(37, 'Nguyễn Toàn Em', '0451278965', 'nguyentem@gmail.com', 'An Giang', 'Long Xuyên', '343 Bình Khánh', 6286400, '', '', 0, 0),
(42, 'NamLT', '0451278652', 'namlt@gmail.com', 'An Giang', 'Long Xuyên', '55 Lê Văn Nhung', 16060000, '', '', 0, 0),
(55, 'Hồng Nhung', '0123654798', 'nhunghn@gmail.com', 'Bình Dương', 'Dĩ An', 'Dĩ An', 67894000, '', '', 0, 0),
(68, 'Lý Thành Thơ', '0451278525', 'tholt@gmail.com', 'An Giang', 'Long Xuyên', '354 Nguyễn Thái Học', 722000, '', '', 0, 0),
(79, 'Nguyễn Hải Đăng', '0478215365', 'dangnh@gmail.com', 'Đà Lạt', 'Đà Lạt', '333', 2295000, '', '', 0, 0),
(84, 'Nguyễn Hồ Bảo Trâm', '0441123586', 'tramngh@gmail.com', 'Trà Vinh', 'Trà Vinh', '6655', 20602600, '', '', 0, 0),
(135, 'ThoTTT', '0451236578', 'tho@gmail.com', 'An Giang', 'Long Xuyen', '44 Hùng Vương', 81000, '', '', 0, 0);

--
-- Dumping data for table `vouchers`
--

INSERT INTO `vouchers` (`id`, `ma_voucher`, `phan_tram_giam_gia`, `ghi_chu`, `ngay_tao`) VALUES
(1, 'giam20', 20, 'Giam 20%', '2021-06-18 19:28:25');
COMMIT;

/*!40101 SET CHARACTER_SET_CLIENT=@OLD_CHARACTER_SET_CLIENT */;
/*!40101 SET CHARACTER_SET_RESULTS=@OLD_CHARACTER_SET_RESULTS */;
/*!40101 SET COLLATION_CONNECTION=@OLD_COLLATION_CONNECTION */;
